Graph Name,metis_time (ms),mt_time (ms),parmetis_time (ms),ptscotch_time (ms),mt_KaHip_time (ms),Kaminpar_time (ms),jet_time (ms),Hunyuan_time (ms)
Geomean,4373123.98199387,17367636.04658463,2942591.5280175176,51262.43834185744,28943906.496719647,46372475.627154626,95122403.64029858,431110339.3435859
