Graph Name,metis_time (ms),mt_time (ms),parmetis_time (ms),ptscotch_time (ms),mt_KaHip_time (ms),Kaminpar_time (ms),jet_time (ms),Hunyuan_time (ms)
Geomean,10836737.674196435,53833082.69307523,149402625.22511178,9243776.19556508,45774622.909706876,41737519.96925771,484877363.1046273,957809175.3999715
