Graph Name,metis_time (ms),mt_time (ms),parmetis_time (ms),ptscotch_time (ms),mt_KaHip_time (ms),Kaminpar_time (ms),jet_time (ms),Hunyuan_time (ms)
Geomean,1454992.8430799746,12243212.879093397,25244263.857535787,13014114.59243202,5714210.681745953,12026421.53525858,202305977.98806763,158308966.30083025
